Id,Label
hi_hasoc_2021_5,HOF
hi_hasoc_2021_7,HOF
hi_hasoc_2021_12,NOT
hi_hasoc_2021_13,HOF
hi_hasoc_2021_15,NOT
hi_hasoc_2021_17,NOT
hi_hasoc_2021_18,NOT
hi_hasoc_2021_19,NOT
hi_hasoc_2021_20,NOT
hi_hasoc_2021_26,NOT
hi_hasoc_2021_31,NOT
hi_hasoc_2021_33,NOT
hi_hasoc_2021_35,NOT
hi_hasoc_2021_53,HOF
hi_hasoc_2021_54,HOF
hi_hasoc_2021_59,NOT
hi_hasoc_2021_63,NOT
hi_hasoc_2021_65,NOT
hi_hasoc_2021_69,NOT
hi_hasoc_2021_74,NOT
hi_hasoc_2021_78,HOF
hi_hasoc_2021_85,NOT
hi_hasoc_2021_87,NOT
hi_hasoc_2021_89,NOT
hi_hasoc_2021_91,NOT
hi_hasoc_2021_94,NOT
hi_hasoc_2021_95,HOF
hi_hasoc_2021_100,NOT
hi_hasoc_2021_101,NOT
hi_hasoc_2021_104,NOT
hi_hasoc_2021_105,HOF
hi_hasoc_2021_107,NOT
hi_hasoc_2021_109,NOT
hi_hasoc_2021_111,NOT
hi_hasoc_2021_112,NOT
hi_hasoc_2021_114,NOT
hi_hasoc_2021_120,HOF
hi_hasoc_2021_133,NOT
hi_hasoc_2021_140,NOT
hi_hasoc_2021_144,NOT
hi_hasoc_2021_145,NOT
hi_hasoc_2021_147,NOT
hi_hasoc_2021_151,NOT
hi_hasoc_2021_153,NOT
hi_hasoc_2021_172,NOT
hi_hasoc_2021_173,NOT
hi_hasoc_2021_181,NOT
hi_hasoc_2021_190,NOT
hi_hasoc_2021_191,HOF
hi_hasoc_2021_192,NOT
hi_hasoc_2021_197,NOT
hi_hasoc_2021_202,NOT
hi_hasoc_2021_203,HOF
hi_hasoc_2021_211,NOT
hi_hasoc_2021_212,NOT
hi_hasoc_2021_214,NOT
hi_hasoc_2021_217,NOT
hi_hasoc_2021_224,NOT
hi_hasoc_2021_235,NOT
hi_hasoc_2021_237,NOT
hi_hasoc_2021_238,NOT
hi_hasoc_2021_250,NOT
hi_hasoc_2021_251,NOT
hi_hasoc_2021_252,NOT
hi_hasoc_2021_253,NOT
hi_hasoc_2021_259,NOT
hi_hasoc_2021_260,NOT
hi_hasoc_2021_262,NOT
hi_hasoc_2021_268,NOT
hi_hasoc_2021_276,NOT
hi_hasoc_2021_278,NOT
hi_hasoc_2021_283,NOT
hi_hasoc_2021_286,NOT
hi_hasoc_2021_287,NOT
hi_hasoc_2021_288,NOT
hi_hasoc_2021_295,NOT
hi_hasoc_2021_300,NOT
hi_hasoc_2021_304,NOT
hi_hasoc_2021_305,HOF
hi_hasoc_2021_306,NOT
hi_hasoc_2021_308,HOF
hi_hasoc_2021_314,NOT
hi_hasoc_2021_315,NOT
hi_hasoc_2021_316,NOT
hi_hasoc_2021_320,NOT
hi_hasoc_2021_333,NOT
hi_hasoc_2021_345,NOT
hi_hasoc_2021_349,NOT
hi_hasoc_2021_350,NOT
hi_hasoc_2021_353,NOT
hi_hasoc_2021_355,NOT
hi_hasoc_2021_356,NOT
hi_hasoc_2021_358,NOT
hi_hasoc_2021_360,HOF
hi_hasoc_2021_368,NOT
hi_hasoc_2021_369,NOT
hi_hasoc_2021_372,NOT
hi_hasoc_2021_374,NOT
hi_hasoc_2021_382,HOF
hi_hasoc_2021_383,NOT
hi_hasoc_2021_396,NOT
hi_hasoc_2021_397,NOT
hi_hasoc_2021_399,NOT
hi_hasoc_2021_403,NOT
hi_hasoc_2021_404,HOF
hi_hasoc_2021_409,NOT
hi_hasoc_2021_412,NOT
hi_hasoc_2021_424,NOT
hi_hasoc_2021_425,NOT
hi_hasoc_2021_427,NOT
hi_hasoc_2021_433,NOT
hi_hasoc_2021_434,HOF
hi_hasoc_2021_436,NOT
hi_hasoc_2021_437,NOT
hi_hasoc_2021_448,NOT
hi_hasoc_2021_459,NOT
hi_hasoc_2021_460,NOT
hi_hasoc_2021_463,NOT
hi_hasoc_2021_465,NOT
hi_hasoc_2021_471,NOT
hi_hasoc_2021_472,NOT
hi_hasoc_2021_474,HOF
hi_hasoc_2021_476,NOT
hi_hasoc_2021_479,HOF
hi_hasoc_2021_484,NOT
hi_hasoc_2021_493,NOT
hi_hasoc_2021_500,NOT
hi_hasoc_2021_507,NOT
hi_hasoc_2021_511,NOT
hi_hasoc_2021_512,HOF
hi_hasoc_2021_514,NOT
hi_hasoc_2021_515,NOT
hi_hasoc_2021_516,NOT
hi_hasoc_2021_524,HOF
hi_hasoc_2021_525,HOF
hi_hasoc_2021_529,NOT
hi_hasoc_2021_530,HOF
hi_hasoc_2021_534,NOT
hi_hasoc_2021_535,NOT
hi_hasoc_2021_541,NOT
hi_hasoc_2021_545,HOF
hi_hasoc_2021_547,NOT
hi_hasoc_2021_548,NOT
hi_hasoc_2021_553,NOT
hi_hasoc_2021_556,NOT
hi_hasoc_2021_559,NOT
hi_hasoc_2021_560,NOT
hi_hasoc_2021_568,NOT
hi_hasoc_2021_572,NOT
hi_hasoc_2021_578,NOT
hi_hasoc_2021_582,NOT
hi_hasoc_2021_600,NOT
hi_hasoc_2021_604,NOT
hi_hasoc_2021_605,NOT
hi_hasoc_2021_606,NOT
hi_hasoc_2021_608,NOT
hi_hasoc_2021_609,NOT
hi_hasoc_2021_610,NOT
hi_hasoc_2021_611,NOT
hi_hasoc_2021_613,NOT
hi_hasoc_2021_618,NOT
hi_hasoc_2021_620,NOT
hi_hasoc_2021_622,NOT
hi_hasoc_2021_624,NOT
hi_hasoc_2021_631,NOT
hi_hasoc_2021_642,HOF
hi_hasoc_2021_648,NOT
hi_hasoc_2021_651,NOT
hi_hasoc_2021_653,NOT
hi_hasoc_2021_654,NOT
hi_hasoc_2021_655,NOT
hi_hasoc_2021_656,NOT
hi_hasoc_2021_661,NOT
hi_hasoc_2021_662,NOT
hi_hasoc_2021_678,NOT
hi_hasoc_2021_690,NOT
hi_hasoc_2021_695,NOT
hi_hasoc_2021_696,NOT
hi_hasoc_2021_699,NOT
hi_hasoc_2021_702,NOT
hi_hasoc_2021_705,NOT
hi_hasoc_2021_706,NOT
hi_hasoc_2021_710,NOT
hi_hasoc_2021_712,NOT
hi_hasoc_2021_717,HOF
hi_hasoc_2021_719,NOT
hi_hasoc_2021_725,NOT
hi_hasoc_2021_729,NOT
hi_hasoc_2021_731,HOF
hi_hasoc_2021_737,NOT
hi_hasoc_2021_738,NOT
hi_hasoc_2021_739,NOT
hi_hasoc_2021_740,NOT
hi_hasoc_2021_746,NOT
hi_hasoc_2021_751,NOT
hi_hasoc_2021_754,NOT
hi_hasoc_2021_755,NOT
hi_hasoc_2021_760,HOF
hi_hasoc_2021_761,HOF
hi_hasoc_2021_770,NOT
hi_hasoc_2021_771,NOT
hi_hasoc_2021_773,NOT
hi_hasoc_2021_775,NOT
hi_hasoc_2021_777,NOT
hi_hasoc_2021_782,NOT
hi_hasoc_2021_788,NOT
hi_hasoc_2021_790,NOT
hi_hasoc_2021_791,NOT
hi_hasoc_2021_793,NOT
hi_hasoc_2021_794,NOT
hi_hasoc_2021_796,NOT
hi_hasoc_2021_808,NOT
hi_hasoc_2021_815,NOT
hi_hasoc_2021_818,NOT
hi_hasoc_2021_820,NOT
hi_hasoc_2021_822,NOT
hi_hasoc_2021_825,NOT
hi_hasoc_2021_829,NOT
hi_hasoc_2021_830,NOT
hi_hasoc_2021_832,NOT
hi_hasoc_2021_842,NOT
hi_hasoc_2021_847,NOT
hi_hasoc_2021_850,HOF
hi_hasoc_2021_854,NOT
hi_hasoc_2021_855,NOT
hi_hasoc_2021_860,NOT
hi_hasoc_2021_863,NOT
hi_hasoc_2021_865,NOT
hi_hasoc_2021_870,NOT
hi_hasoc_2021_875,NOT
hi_hasoc_2021_876,HOF
hi_hasoc_2021_878,NOT
hi_hasoc_2021_882,NOT
hi_hasoc_2021_887,NOT
hi_hasoc_2021_896,NOT
hi_hasoc_2021_900,NOT
hi_hasoc_2021_910,NOT
hi_hasoc_2021_911,NOT
hi_hasoc_2021_921,NOT
hi_hasoc_2021_922,NOT
hi_hasoc_2021_926,NOT
hi_hasoc_2021_930,NOT
hi_hasoc_2021_931,NOT
hi_hasoc_2021_935,NOT
hi_hasoc_2021_937,NOT
hi_hasoc_2021_939,NOT
hi_hasoc_2021_944,NOT
hi_hasoc_2021_945,NOT
hi_hasoc_2021_946,NOT
hi_hasoc_2021_951,NOT
hi_hasoc_2021_952,NOT
hi_hasoc_2021_958,NOT
hi_hasoc_2021_959,NOT
hi_hasoc_2021_961,NOT
hi_hasoc_2021_962,NOT
hi_hasoc_2021_966,NOT
hi_hasoc_2021_973,NOT
hi_hasoc_2021_975,NOT
hi_hasoc_2021_978,NOT
hi_hasoc_2021_981,NOT
hi_hasoc_2021_985,NOT
hi_hasoc_2021_997,NOT
hi_hasoc_2021_1001,NOT
hi_hasoc_2021_1003,NOT
hi_hasoc_2021_1013,HOF
hi_hasoc_2021_1014,NOT
hi_hasoc_2021_1016,HOF
hi_hasoc_2021_1023,NOT
hi_hasoc_2021_1028,NOT
hi_hasoc_2021_1039,HOF
hi_hasoc_2021_1043,HOF
hi_hasoc_2021_1044,NOT
hi_hasoc_2021_1045,NOT
hi_hasoc_2021_1046,NOT
hi_hasoc_2021_1048,NOT
hi_hasoc_2021_1050,NOT
hi_hasoc_2021_1054,NOT
hi_hasoc_2021_1057,NOT
hi_hasoc_2021_1059,NOT
hi_hasoc_2021_1060,NOT
hi_hasoc_2021_1064,HOF
hi_hasoc_2021_1068,NOT
hi_hasoc_2021_1069,NOT
hi_hasoc_2021_1074,NOT
hi_hasoc_2021_1076,HOF
hi_hasoc_2021_1078,NOT
hi_hasoc_2021_1089,NOT
hi_hasoc_2021_1091,NOT
hi_hasoc_2021_1110,NOT
hi_hasoc_2021_1115,HOF
hi_hasoc_2021_1116,NOT
hi_hasoc_2021_1117,NOT
hi_hasoc_2021_1119,NOT
hi_hasoc_2021_1129,NOT
hi_hasoc_2021_1132,NOT
hi_hasoc_2021_1140,NOT
hi_hasoc_2021_1141,NOT
hi_hasoc_2021_1148,NOT
hi_hasoc_2021_1150,NOT
hi_hasoc_2021_1152,NOT
hi_hasoc_2021_1153,NOT
hi_hasoc_2021_1162,NOT
hi_hasoc_2021_1170,NOT
hi_hasoc_2021_1171,NOT
hi_hasoc_2021_1173,NOT
hi_hasoc_2021_1198,NOT
hi_hasoc_2021_1199,HOF
hi_hasoc_2021_1202,NOT
hi_hasoc_2021_1203,NOT
hi_hasoc_2021_1208,NOT
hi_hasoc_2021_1209,NOT
hi_hasoc_2021_1213,NOT
hi_hasoc_2021_1214,NOT
hi_hasoc_2021_1215,HOF
hi_hasoc_2021_1217,NOT
hi_hasoc_2021_1222,NOT
hi_hasoc_2021_1229,NOT
hi_hasoc_2021_1236,NOT
hi_hasoc_2021_1237,NOT
hi_hasoc_2021_1238,NOT
hi_hasoc_2021_1240,NOT
hi_hasoc_2021_1241,NOT
hi_hasoc_2021_1244,NOT
hi_hasoc_2021_1245,HOF
hi_hasoc_2021_1246,NOT
hi_hasoc_2021_1251,NOT
hi_hasoc_2021_1254,NOT
hi_hasoc_2021_1262,NOT
hi_hasoc_2021_1263,HOF
hi_hasoc_2021_1265,NOT
hi_hasoc_2021_1266,NOT
hi_hasoc_2021_1269,NOT
hi_hasoc_2021_1271,NOT
hi_hasoc_2021_1272,NOT
hi_hasoc_2021_1273,HOF
hi_hasoc_2021_1276,HOF
hi_hasoc_2021_1280,NOT
hi_hasoc_2021_1293,NOT
hi_hasoc_2021_1295,NOT
hi_hasoc_2021_1297,HOF
hi_hasoc_2021_1300,NOT
hi_hasoc_2021_1302,NOT
hi_hasoc_2021_1305,NOT
hi_hasoc_2021_1307,NOT
hi_hasoc_2021_1309,HOF
hi_hasoc_2021_1310,NOT
hi_hasoc_2021_1318,HOF
hi_hasoc_2021_1323,HOF
hi_hasoc_2021_1326,NOT
hi_hasoc_2021_1327,NOT
hi_hasoc_2021_1329,HOF
hi_hasoc_2021_1330,NOT
hi_hasoc_2021_1332,NOT
hi_hasoc_2021_1334,NOT
hi_hasoc_2021_1336,NOT
hi_hasoc_2021_1337,NOT
hi_hasoc_2021_1340,NOT
hi_hasoc_2021_1342,NOT
hi_hasoc_2021_1347,NOT
hi_hasoc_2021_1348,NOT
hi_hasoc_2021_1349,NOT
hi_hasoc_2021_1355,HOF
hi_hasoc_2021_1359,NOT
hi_hasoc_2021_1368,NOT
hi_hasoc_2021_1370,NOT
hi_hasoc_2021_1379,NOT
hi_hasoc_2021_1388,NOT
hi_hasoc_2021_1390,NOT
hi_hasoc_2021_1394,NOT
hi_hasoc_2021_1401,NOT
hi_hasoc_2021_1402,NOT
hi_hasoc_2021_1406,NOT
hi_hasoc_2021_1408,NOT
hi_hasoc_2021_1411,NOT
hi_hasoc_2021_1413,NOT
hi_hasoc_2021_1416,NOT
hi_hasoc_2021_1419,NOT
hi_hasoc_2021_1421,NOT
hi_hasoc_2021_1423,NOT
hi_hasoc_2021_1429,NOT
hi_hasoc_2021_1431,NOT
hi_hasoc_2021_1437,HOF
hi_hasoc_2021_1440,NOT
hi_hasoc_2021_1444,HOF
hi_hasoc_2021_1452,NOT
hi_hasoc_2021_1454,NOT
hi_hasoc_2021_1470,NOT
hi_hasoc_2021_1474,NOT
hi_hasoc_2021_1477,NOT
hi_hasoc_2021_1479,NOT
hi_hasoc_2021_1483,HOF
hi_hasoc_2021_1484,NOT
hi_hasoc_2021_1487,HOF
hi_hasoc_2021_1488,NOT
hi_hasoc_2021_1490,NOT
hi_hasoc_2021_1492,NOT
hi_hasoc_2021_1499,NOT
hi_hasoc_2021_1503,NOT
hi_hasoc_2021_1513,NOT
hi_hasoc_2021_1514,HOF
hi_hasoc_2021_1515,NOT
hi_hasoc_2021_1520,NOT
hi_hasoc_2021_1529,NOT
hi_hasoc_2021_1530,NOT
hi_hasoc_2021_1540,NOT
hi_hasoc_2021_1542,NOT
hi_hasoc_2021_1545,NOT
hi_hasoc_2021_1548,NOT
hi_hasoc_2021_1549,NOT
hi_hasoc_2021_1550,NOT
hi_hasoc_2021_1553,NOT
hi_hasoc_2021_1557,HOF
hi_hasoc_2021_1562,NOT
hi_hasoc_2021_1566,NOT
hi_hasoc_2021_1567,NOT
hi_hasoc_2021_1574,HOF
hi_hasoc_2021_1580,NOT
hi_hasoc_2021_1591,NOT
hi_hasoc_2021_1593,HOF
hi_hasoc_2021_1602,HOF
hi_hasoc_2021_1605,NOT
hi_hasoc_2021_1608,NOT
hi_hasoc_2021_1609,NOT
hi_hasoc_2021_1619,NOT
hi_hasoc_2021_1620,HOF
hi_hasoc_2021_1621,NOT
hi_hasoc_2021_1627,NOT
hi_hasoc_2021_1628,NOT
hi_hasoc_2021_1630,NOT
hi_hasoc_2021_1631,NOT
hi_hasoc_2021_1632,NOT
hi_hasoc_2021_1635,NOT
hi_hasoc_2021_1643,NOT
hi_hasoc_2021_1647,NOT
hi_hasoc_2021_1648,NOT
hi_hasoc_2021_1650,NOT
hi_hasoc_2021_1653,NOT
hi_hasoc_2021_1657,NOT
hi_hasoc_2021_1660,HOF
hi_hasoc_2021_1665,HOF
hi_hasoc_2021_1666,NOT
hi_hasoc_2021_1669,HOF
hi_hasoc_2021_1672,NOT
hi_hasoc_2021_1674,NOT
hi_hasoc_2021_1679,NOT
hi_hasoc_2021_1682,NOT
hi_hasoc_2021_1683,NOT
hi_hasoc_2021_1695,HOF
hi_hasoc_2021_1703,NOT
hi_hasoc_2021_1715,NOT
hi_hasoc_2021_1717,NOT
hi_hasoc_2021_1719,NOT
hi_hasoc_2021_1721,NOT
hi_hasoc_2021_1724,NOT
hi_hasoc_2021_1730,NOT
hi_hasoc_2021_1733,NOT
hi_hasoc_2021_1740,NOT
hi_hasoc_2021_1742,NOT
hi_hasoc_2021_1756,NOT
hi_hasoc_2021_1759,NOT
hi_hasoc_2021_1760,HOF
hi_hasoc_2021_1764,HOF
hi_hasoc_2021_1765,NOT
hi_hasoc_2021_1766,NOT
hi_hasoc_2021_1767,NOT
hi_hasoc_2021_1772,NOT
hi_hasoc_2021_1782,HOF
hi_hasoc_2021_1783,NOT
hi_hasoc_2021_1784,NOT
hi_hasoc_2021_1785,HOF
hi_hasoc_2021_1786,NOT
hi_hasoc_2021_1809,HOF
hi_hasoc_2021_1821,NOT
hi_hasoc_2021_1827,NOT
hi_hasoc_2021_1838,NOT
hi_hasoc_2021_1843,NOT
hi_hasoc_2021_1852,NOT
hi_hasoc_2021_1856,NOT
hi_hasoc_2021_1858,HOF
hi_hasoc_2021_1859,NOT
hi_hasoc_2021_1860,NOT
hi_hasoc_2021_1861,NOT
hi_hasoc_2021_1862,NOT
hi_hasoc_2021_1864,HOF
hi_hasoc_2021_1866,NOT
hi_hasoc_2021_1870,NOT
hi_hasoc_2021_1871,NOT
hi_hasoc_2021_1878,NOT
hi_hasoc_2021_1879,HOF
hi_hasoc_2021_1882,NOT
hi_hasoc_2021_1887,HOF
hi_hasoc_2021_1895,NOT
hi_hasoc_2021_1898,NOT
hi_hasoc_2021_1911,HOF
hi_hasoc_2021_1914,NOT
hi_hasoc_2021_1922,NOT
hi_hasoc_2021_1924,HOF
hi_hasoc_2021_1926,NOT
hi_hasoc_2021_1929,NOT
hi_hasoc_2021_1931,NOT
hi_hasoc_2021_1937,NOT
hi_hasoc_2021_1943,HOF
hi_hasoc_2021_1944,HOF
hi_hasoc_2021_1947,HOF
hi_hasoc_2021_1957,HOF
hi_hasoc_2021_1958,HOF
hi_hasoc_2021_1962,NOT
hi_hasoc_2021_1972,NOT
hi_hasoc_2021_1979,HOF
hi_hasoc_2021_1982,NOT
hi_hasoc_2021_1986,NOT
hi_hasoc_2021_1993,NOT
hi_hasoc_2021_1994,NOT
hi_hasoc_2021_2000,NOT
hi_hasoc_2021_2004,NOT
hi_hasoc_2021_2015,NOT
hi_hasoc_2021_2016,NOT
hi_hasoc_2021_2020,NOT
hi_hasoc_2021_2021,NOT
hi_hasoc_2021_2022,NOT
hi_hasoc_2021_2024,NOT
hi_hasoc_2021_2025,HOF
hi_hasoc_2021_2034,NOT
hi_hasoc_2021_2041,NOT
hi_hasoc_2021_2042,NOT
hi_hasoc_2021_2048,NOT
hi_hasoc_2021_2060,NOT
hi_hasoc_2021_2061,NOT
hi_hasoc_2021_2063,NOT
hi_hasoc_2021_2065,NOT
hi_hasoc_2021_2066,NOT
hi_hasoc_2021_2078,HOF
hi_hasoc_2021_2081,HOF
hi_hasoc_2021_2089,NOT
hi_hasoc_2021_2106,NOT
hi_hasoc_2021_2107,NOT
hi_hasoc_2021_2108,NOT
hi_hasoc_2021_2114,NOT
hi_hasoc_2021_2116,NOT
hi_hasoc_2021_2118,NOT
hi_hasoc_2021_2121,NOT
hi_hasoc_2021_2124,HOF
hi_hasoc_2021_2127,NOT
hi_hasoc_2021_2134,HOF
hi_hasoc_2021_2137,HOF
hi_hasoc_2021_2139,NOT
hi_hasoc_2021_2143,NOT
hi_hasoc_2021_2172,NOT
hi_hasoc_2021_2176,NOT
hi_hasoc_2021_2177,NOT
hi_hasoc_2021_2179,NOT
hi_hasoc_2021_2181,NOT
hi_hasoc_2021_2186,HOF
hi_hasoc_2021_2187,NOT
hi_hasoc_2021_2189,NOT
hi_hasoc_2021_2192,NOT
hi_hasoc_2021_2193,NOT
hi_hasoc_2021_2194,NOT
hi_hasoc_2021_2207,HOF
hi_hasoc_2021_2210,NOT
hi_hasoc_2021_2216,HOF
hi_hasoc_2021_2225,HOF
hi_hasoc_2021_2226,NOT
hi_hasoc_2021_2228,NOT
hi_hasoc_2021_2229,NOT
hi_hasoc_2021_2231,NOT
hi_hasoc_2021_2233,HOF
hi_hasoc_2021_2234,HOF
hi_hasoc_2021_2256,NOT
hi_hasoc_2021_2257,NOT
hi_hasoc_2021_2261,NOT
hi_hasoc_2021_2266,NOT
hi_hasoc_2021_2268,NOT
hi_hasoc_2021_2274,HOF
hi_hasoc_2021_2278,NOT
hi_hasoc_2021_2283,NOT
hi_hasoc_2021_2288,NOT
hi_hasoc_2021_2290,NOT
hi_hasoc_2021_2295,NOT
hi_hasoc_2021_2300,NOT
hi_hasoc_2021_2314,NOT
hi_hasoc_2021_2318,HOF
hi_hasoc_2021_2319,NOT
hi_hasoc_2021_2320,NOT
hi_hasoc_2021_2323,NOT
hi_hasoc_2021_2325,NOT
hi_hasoc_2021_2328,NOT
hi_hasoc_2021_2329,NOT
hi_hasoc_2021_2333,NOT
hi_hasoc_2021_2344,NOT
hi_hasoc_2021_2345,NOT
hi_hasoc_2021_2349,NOT
hi_hasoc_2021_2350,NOT
hi_hasoc_2021_2351,HOF
hi_hasoc_2021_2352,NOT
hi_hasoc_2021_2354,NOT
hi_hasoc_2021_2356,NOT
hi_hasoc_2021_2359,NOT
hi_hasoc_2021_2361,NOT
hi_hasoc_2021_2370,NOT
hi_hasoc_2021_2375,NOT
hi_hasoc_2021_2376,NOT
hi_hasoc_2021_2387,NOT
hi_hasoc_2021_2389,NOT
hi_hasoc_2021_2391,NOT
hi_hasoc_2021_2395,NOT
hi_hasoc_2021_2396,NOT
hi_hasoc_2021_2402,NOT
hi_hasoc_2021_2403,NOT
hi_hasoc_2021_2408,NOT
hi_hasoc_2021_2409,NOT
hi_hasoc_2021_2413,NOT
hi_hasoc_2021_2423,NOT
hi_hasoc_2021_2433,NOT
hi_hasoc_2021_2443,NOT
hi_hasoc_2021_2444,NOT
hi_hasoc_2021_2448,NOT
hi_hasoc_2021_2449,NOT
hi_hasoc_2021_2451,NOT
hi_hasoc_2021_2456,NOT
hi_hasoc_2021_2458,NOT
hi_hasoc_2021_2469,NOT
hi_hasoc_2021_2474,NOT
hi_hasoc_2021_2478,NOT
hi_hasoc_2021_2483,NOT
hi_hasoc_2021_2485,NOT
hi_hasoc_2021_2491,NOT
hi_hasoc_2021_2501,NOT
hi_hasoc_2021_2506,NOT
hi_hasoc_2021_2514,NOT
hi_hasoc_2021_2516,NOT
hi_hasoc_2021_2519,HOF
hi_hasoc_2021_2521,NOT
hi_hasoc_2021_2522,HOF
hi_hasoc_2021_2527,NOT
hi_hasoc_2021_2530,HOF
hi_hasoc_2021_2531,NOT
hi_hasoc_2021_2533,HOF
hi_hasoc_2021_2537,NOT
hi_hasoc_2021_2541,NOT
hi_hasoc_2021_2543,NOT
hi_hasoc_2021_2546,NOT
hi_hasoc_2021_2562,NOT
hi_hasoc_2021_2565,NOT
hi_hasoc_2021_2566,NOT
hi_hasoc_2021_2568,NOT
hi_hasoc_2021_2577,NOT
hi_hasoc_2021_2578,NOT
hi_hasoc_2021_2581,NOT
hi_hasoc_2021_2584,HOF
hi_hasoc_2021_2589,NOT
hi_hasoc_2021_2603,NOT
hi_hasoc_2021_2605,NOT
hi_hasoc_2021_2611,NOT
hi_hasoc_2021_2618,NOT
hi_hasoc_2021_2622,NOT
hi_hasoc_2021_2625,NOT
hi_hasoc_2021_2626,HOF
hi_hasoc_2021_2637,NOT
hi_hasoc_2021_2639,NOT
hi_hasoc_2021_2642,NOT
hi_hasoc_2021_2649,NOT
hi_hasoc_2021_2650,NOT
hi_hasoc_2021_2655,NOT
hi_hasoc_2021_2665,NOT
hi_hasoc_2021_2668,NOT
hi_hasoc_2021_2669,NOT
hi_hasoc_2021_2671,HOF
hi_hasoc_2021_2673,NOT
hi_hasoc_2021_2678,NOT
hi_hasoc_2021_2683,NOT
hi_hasoc_2021_2686,NOT
hi_hasoc_2021_2693,NOT
hi_hasoc_2021_2701,NOT
hi_hasoc_2021_2703,NOT
hi_hasoc_2021_2709,NOT
hi_hasoc_2021_2716,NOT
hi_hasoc_2021_2717,NOT
hi_hasoc_2021_2718,NOT
hi_hasoc_2021_2719,NOT
hi_hasoc_2021_2725,NOT
hi_hasoc_2021_2727,NOT
hi_hasoc_2021_2734,NOT
hi_hasoc_2021_2735,NOT
hi_hasoc_2021_2736,NOT
hi_hasoc_2021_2737,NOT
hi_hasoc_2021_2738,NOT
hi_hasoc_2021_2741,NOT
hi_hasoc_2021_2743,HOF
hi_hasoc_2021_2745,NOT
hi_hasoc_2021_2748,NOT
hi_hasoc_2021_2749,NOT
hi_hasoc_2021_2754,NOT
hi_hasoc_2021_2756,NOT
hi_hasoc_2021_2762,NOT
hi_hasoc_2021_2763,NOT
hi_hasoc_2021_2765,NOT
hi_hasoc_2021_2767,NOT
hi_hasoc_2021_2773,NOT
hi_hasoc_2021_2777,NOT
hi_hasoc_2021_2778,NOT
hi_hasoc_2021_2782,NOT
hi_hasoc_2021_2785,NOT
hi_hasoc_2021_2786,NOT
hi_hasoc_2021_2789,NOT
hi_hasoc_2021_2801,NOT
hi_hasoc_2021_2804,NOT
hi_hasoc_2021_2806,NOT
hi_hasoc_2021_2808,NOT
hi_hasoc_2021_2811,NOT
hi_hasoc_2021_2813,NOT
hi_hasoc_2021_2817,NOT
hi_hasoc_2021_2819,NOT
hi_hasoc_2021_2822,NOT
hi_hasoc_2021_2829,NOT
hi_hasoc_2021_2833,NOT
hi_hasoc_2021_2835,HOF
hi_hasoc_2021_2838,NOT
hi_hasoc_2021_2845,NOT
hi_hasoc_2021_2854,HOF
hi_hasoc_2021_2861,NOT
hi_hasoc_2021_2867,NOT
hi_hasoc_2021_2868,NOT
hi_hasoc_2021_2881,NOT
hi_hasoc_2021_2884,NOT
hi_hasoc_2021_2886,NOT
hi_hasoc_2021_2888,NOT
hi_hasoc_2021_2892,NOT
hi_hasoc_2021_2894,NOT
hi_hasoc_2021_2897,NOT
hi_hasoc_2021_2898,NOT
hi_hasoc_2021_2902,NOT
hi_hasoc_2021_2908,NOT
hi_hasoc_2021_2909,NOT
hi_hasoc_2021_2910,HOF
hi_hasoc_2021_2919,NOT
hi_hasoc_2021_2923,NOT
hi_hasoc_2021_2927,NOT
hi_hasoc_2021_2929,HOF
hi_hasoc_2021_2932,NOT
hi_hasoc_2021_2934,NOT
hi_hasoc_2021_2940,NOT
hi_hasoc_2021_2941,NOT
hi_hasoc_2021_2944,NOT
hi_hasoc_2021_2945,NOT
hi_hasoc_2021_2951,NOT
hi_hasoc_2021_2954,NOT
hi_hasoc_2021_2955,NOT
hi_hasoc_2021_2956,NOT
hi_hasoc_2021_2963,NOT
hi_hasoc_2021_2974,NOT
hi_hasoc_2021_2977,NOT
hi_hasoc_2021_2978,NOT
hi_hasoc_2021_2980,NOT
hi_hasoc_2021_2991,NOT
hi_hasoc_2021_2995,NOT
hi_hasoc_2021_2998,NOT
hi_hasoc_2021_3005,NOT
hi_hasoc_2021_3007,HOF
hi_hasoc_2021_3010,NOT
hi_hasoc_2021_3011,NOT
hi_hasoc_2021_3013,NOT
hi_hasoc_2021_3017,NOT
hi_hasoc_2021_3021,NOT
hi_hasoc_2021_3028,NOT
hi_hasoc_2021_3029,HOF
hi_hasoc_2021_3034,NOT
hi_hasoc_2021_3035,NOT
hi_hasoc_2021_3037,NOT
hi_hasoc_2021_3044,NOT
hi_hasoc_2021_3049,NOT
hi_hasoc_2021_3050,HOF
hi_hasoc_2021_3054,NOT
hi_hasoc_2021_3056,NOT
hi_hasoc_2021_3062,HOF
hi_hasoc_2021_3066,NOT
hi_hasoc_2021_3069,NOT
hi_hasoc_2021_3072,HOF
hi_hasoc_2021_3074,NOT
hi_hasoc_2021_3075,NOT
hi_hasoc_2021_3076,NOT
hi_hasoc_2021_3082,NOT
hi_hasoc_2021_3083,NOT
hi_hasoc_2021_3086,NOT
hi_hasoc_2021_3087,NOT
hi_hasoc_2021_3089,NOT
hi_hasoc_2021_3092,NOT
hi_hasoc_2021_3098,HOF
hi_hasoc_2021_3110,NOT
hi_hasoc_2021_3114,NOT
hi_hasoc_2021_3117,NOT
hi_hasoc_2021_3119,NOT
hi_hasoc_2021_3124,NOT
hi_hasoc_2021_3127,NOT
hi_hasoc_2021_3128,NOT
hi_hasoc_2021_3134,NOT
hi_hasoc_2021_3137,HOF
hi_hasoc_2021_3140,NOT
hi_hasoc_2021_3142,NOT
hi_hasoc_2021_3144,NOT
hi_hasoc_2021_3145,NOT
hi_hasoc_2021_3149,NOT
hi_hasoc_2021_3151,NOT
hi_hasoc_2021_3152,NOT
hi_hasoc_2021_3153,NOT
hi_hasoc_2021_3156,NOT
hi_hasoc_2021_3158,NOT
hi_hasoc_2021_3159,NOT
hi_hasoc_2021_3160,NOT
hi_hasoc_2021_3165,NOT
hi_hasoc_2021_3176,NOT
hi_hasoc_2021_3188,NOT
hi_hasoc_2021_3203,NOT
hi_hasoc_2021_3204,NOT
hi_hasoc_2021_3206,NOT
hi_hasoc_2021_3207,NOT
hi_hasoc_2021_3208,NOT
hi_hasoc_2021_3219,NOT
hi_hasoc_2021_3222,NOT
hi_hasoc_2021_3223,NOT
hi_hasoc_2021_3226,NOT
hi_hasoc_2021_3230,NOT
hi_hasoc_2021_3235,HOF
hi_hasoc_2021_3240,NOT
hi_hasoc_2021_3241,NOT
hi_hasoc_2021_3249,NOT
hi_hasoc_2021_3252,NOT
hi_hasoc_2021_3254,NOT
hi_hasoc_2021_3255,NOT
hi_hasoc_2021_3256,NOT
hi_hasoc_2021_3260,NOT
hi_hasoc_2021_3261,NOT
hi_hasoc_2021_3268,NOT
hi_hasoc_2021_3274,NOT
hi_hasoc_2021_3276,NOT
hi_hasoc_2021_3282,NOT
hi_hasoc_2021_3297,HOF
hi_hasoc_2021_3307,NOT
hi_hasoc_2021_3308,NOT
hi_hasoc_2021_3310,NOT
hi_hasoc_2021_3318,NOT
hi_hasoc_2021_3326,NOT
hi_hasoc_2021_3327,NOT
hi_hasoc_2021_3328,NOT
hi_hasoc_2021_3341,NOT
hi_hasoc_2021_3346,HOF
hi_hasoc_2021_3351,NOT
hi_hasoc_2021_3353,NOT
hi_hasoc_2021_3356,NOT
hi_hasoc_2021_3361,NOT
hi_hasoc_2021_3364,NOT
hi_hasoc_2021_3367,NOT
hi_hasoc_2021_3369,NOT
hi_hasoc_2021_3378,NOT
hi_hasoc_2021_3381,NOT
hi_hasoc_2021_3383,NOT
hi_hasoc_2021_3384,NOT
hi_hasoc_2021_3390,NOT
hi_hasoc_2021_3394,NOT
hi_hasoc_2021_3397,NOT
hi_hasoc_2021_3403,NOT
hi_hasoc_2021_3407,HOF
hi_hasoc_2021_3410,NOT
hi_hasoc_2021_3413,NOT
hi_hasoc_2021_3418,NOT
hi_hasoc_2021_3424,NOT
hi_hasoc_2021_3428,NOT
hi_hasoc_2021_3436,HOF
hi_hasoc_2021_3437,HOF
hi_hasoc_2021_3439,NOT
hi_hasoc_2021_3443,NOT
hi_hasoc_2021_3448,NOT
hi_hasoc_2021_3450,NOT
hi_hasoc_2021_3456,NOT
hi_hasoc_2021_3462,NOT
hi_hasoc_2021_3466,NOT
hi_hasoc_2021_3470,NOT
hi_hasoc_2021_3481,NOT
hi_hasoc_2021_3491,NOT
hi_hasoc_2021_3494,NOT
hi_hasoc_2021_3499,NOT
hi_hasoc_2021_3518,NOT
hi_hasoc_2021_3522,NOT
hi_hasoc_2021_3524,NOT
hi_hasoc_2021_3525,NOT
hi_hasoc_2021_3527,NOT
hi_hasoc_2021_3528,NOT
hi_hasoc_2021_3530,NOT
hi_hasoc_2021_3535,NOT
hi_hasoc_2021_3538,NOT
hi_hasoc_2021_3541,NOT
hi_hasoc_2021_3548,NOT
hi_hasoc_2021_3551,NOT
hi_hasoc_2021_3552,NOT
hi_hasoc_2021_3555,NOT
hi_hasoc_2021_3572,NOT
hi_hasoc_2021_3573,NOT
hi_hasoc_2021_3575,NOT
hi_hasoc_2021_3578,NOT
hi_hasoc_2021_3580,NOT
hi_hasoc_2021_3586,NOT
hi_hasoc_2021_3592,NOT
hi_hasoc_2021_3595,HOF
hi_hasoc_2021_3597,NOT
hi_hasoc_2021_3600,HOF
hi_hasoc_2021_3617,HOF
hi_hasoc_2021_3619,HOF
hi_hasoc_2021_3622,NOT
hi_hasoc_2021_3623,NOT
hi_hasoc_2021_3626,NOT
hi_hasoc_2021_3630,NOT
hi_hasoc_2021_3631,NOT
hi_hasoc_2021_3634,HOF
hi_hasoc_2021_3646,HOF
hi_hasoc_2021_3647,NOT
hi_hasoc_2021_3648,NOT
hi_hasoc_2021_3656,NOT
hi_hasoc_2021_3659,NOT
hi_hasoc_2021_3663,NOT
hi_hasoc_2021_3672,NOT
hi_hasoc_2021_3674,NOT
hi_hasoc_2021_3676,NOT
hi_hasoc_2021_3686,NOT
hi_hasoc_2021_3688,NOT
hi_hasoc_2021_3690,NOT
hi_hasoc_2021_3700,NOT
hi_hasoc_2021_3701,NOT
hi_hasoc_2021_3702,NOT
hi_hasoc_2021_3703,NOT
hi_hasoc_2021_3704,NOT
hi_hasoc_2021_3707,NOT
hi_hasoc_2021_3710,NOT
hi_hasoc_2021_3712,NOT
hi_hasoc_2021_3716,NOT
hi_hasoc_2021_3719,NOT
hi_hasoc_2021_3723,NOT
hi_hasoc_2021_3732,NOT
hi_hasoc_2021_3738,NOT
hi_hasoc_2021_3739,NOT
hi_hasoc_2021_3748,NOT
hi_hasoc_2021_3749,NOT
hi_hasoc_2021_3758,NOT
hi_hasoc_2021_3767,NOT
hi_hasoc_2021_3776,NOT
hi_hasoc_2021_3783,NOT
hi_hasoc_2021_3788,HOF
hi_hasoc_2021_3790,NOT
hi_hasoc_2021_3813,NOT
hi_hasoc_2021_3819,NOT
hi_hasoc_2021_3822,NOT
hi_hasoc_2021_3824,HOF
hi_hasoc_2021_3830,NOT
hi_hasoc_2021_3831,NOT
hi_hasoc_2021_3834,NOT
hi_hasoc_2021_3838,NOT
hi_hasoc_2021_3841,NOT
hi_hasoc_2021_3842,NOT
hi_hasoc_2021_3848,NOT
hi_hasoc_2021_3849,NOT
hi_hasoc_2021_3851,NOT
hi_hasoc_2021_3853,NOT
hi_hasoc_2021_3857,NOT
hi_hasoc_2021_3865,NOT
hi_hasoc_2021_3869,HOF
hi_hasoc_2021_3876,HOF
hi_hasoc_2021_3878,NOT
hi_hasoc_2021_3880,NOT
hi_hasoc_2021_3884,NOT
hi_hasoc_2021_3888,HOF
hi_hasoc_2021_3889,NOT
hi_hasoc_2021_3893,NOT
hi_hasoc_2021_3895,NOT
hi_hasoc_2021_3897,NOT
hi_hasoc_2021_3901,NOT
hi_hasoc_2021_3910,NOT
hi_hasoc_2021_3914,NOT
hi_hasoc_2021_3918,NOT
hi_hasoc_2021_3921,NOT
hi_hasoc_2021_3924,NOT
hi_hasoc_2021_3927,NOT
hi_hasoc_2021_3928,HOF
hi_hasoc_2021_3934,NOT
hi_hasoc_2021_3940,NOT
hi_hasoc_2021_3941,NOT
hi_hasoc_2021_3944,NOT
hi_hasoc_2021_3949,NOT
hi_hasoc_2021_3951,NOT
hi_hasoc_2021_3962,NOT
hi_hasoc_2021_3965,NOT
hi_hasoc_2021_3966,HOF
hi_hasoc_2021_3968,NOT
hi_hasoc_2021_3974,NOT
hi_hasoc_2021_3987,NOT
hi_hasoc_2021_3988,NOT
hi_hasoc_2021_3993,NOT
hi_hasoc_2021_4011,NOT
hi_hasoc_2021_4021,NOT
hi_hasoc_2021_4025,NOT
hi_hasoc_2021_4026,NOT
hi_hasoc_2021_4028,HOF
hi_hasoc_2021_4036,NOT
hi_hasoc_2021_4040,NOT
hi_hasoc_2021_4043,NOT
hi_hasoc_2021_4048,NOT
hi_hasoc_2021_4052,NOT
hi_hasoc_2021_4056,NOT
hi_hasoc_2021_4057,NOT
hi_hasoc_2021_4058,NOT
hi_hasoc_2021_4059,NOT
hi_hasoc_2021_4064,HOF
hi_hasoc_2021_4066,NOT
hi_hasoc_2021_4071,NOT
hi_hasoc_2021_4076,HOF
hi_hasoc_2021_4082,NOT
hi_hasoc_2021_4086,NOT
hi_hasoc_2021_4087,HOF
hi_hasoc_2021_4088,NOT
hi_hasoc_2021_4092,NOT
hi_hasoc_2021_4102,NOT
hi_hasoc_2021_4111,NOT
hi_hasoc_2021_4113,NOT
hi_hasoc_2021_4118,NOT
hi_hasoc_2021_4125,NOT
hi_hasoc_2021_4135,NOT
hi_hasoc_2021_4138,NOT
hi_hasoc_2021_4146,NOT
hi_hasoc_2021_4149,NOT
hi_hasoc_2021_4150,HOF
hi_hasoc_2021_4152,NOT
hi_hasoc_2021_4155,HOF
hi_hasoc_2021_4156,NOT
hi_hasoc_2021_4158,HOF
hi_hasoc_2021_4159,NOT
hi_hasoc_2021_4171,NOT
hi_hasoc_2021_4173,HOF
hi_hasoc_2021_4178,NOT
hi_hasoc_2021_4181,HOF
hi_hasoc_2021_4188,NOT
hi_hasoc_2021_4189,NOT
hi_hasoc_2021_4192,NOT
hi_hasoc_2021_4195,NOT
hi_hasoc_2021_4199,NOT
hi_hasoc_2021_4200,NOT
hi_hasoc_2021_4205,NOT
hi_hasoc_2021_4209,NOT
hi_hasoc_2021_4214,NOT
hi_hasoc_2021_4215,NOT
hi_hasoc_2021_4222,NOT
hi_hasoc_2021_4224,NOT
hi_hasoc_2021_4227,NOT
hi_hasoc_2021_4228,NOT
hi_hasoc_2021_4236,NOT
hi_hasoc_2021_4248,NOT
hi_hasoc_2021_4249,NOT
hi_hasoc_2021_4250,HOF
hi_hasoc_2021_4256,HOF
hi_hasoc_2021_4259,HOF
hi_hasoc_2021_4261,NOT
hi_hasoc_2021_4262,NOT
hi_hasoc_2021_4274,HOF
hi_hasoc_2021_4298,NOT
hi_hasoc_2021_4302,NOT
hi_hasoc_2021_4304,NOT
hi_hasoc_2021_4305,NOT
hi_hasoc_2021_4309,NOT
hi_hasoc_2021_4316,NOT
hi_hasoc_2021_4320,HOF
hi_hasoc_2021_4321,NOT
hi_hasoc_2021_4324,HOF
hi_hasoc_2021_4336,NOT
hi_hasoc_2021_4339,NOT
hi_hasoc_2021_4340,HOF
hi_hasoc_2021_4341,NOT
hi_hasoc_2021_4343,HOF
hi_hasoc_2021_4362,NOT
hi_hasoc_2021_4381,NOT
hi_hasoc_2021_4383,NOT
hi_hasoc_2021_4386,NOT
hi_hasoc_2021_4390,HOF
hi_hasoc_2021_4391,NOT
hi_hasoc_2021_4394,NOT
hi_hasoc_2021_4396,NOT
hi_hasoc_2021_4397,HOF
hi_hasoc_2021_4402,NOT
hi_hasoc_2021_4413,NOT
hi_hasoc_2021_4415,HOF
hi_hasoc_2021_4418,HOF
hi_hasoc_2021_4423,HOF
hi_hasoc_2021_4424,HOF
hi_hasoc_2021_4425,NOT
hi_hasoc_2021_4427,NOT
hi_hasoc_2021_4429,NOT
hi_hasoc_2021_4431,NOT
hi_hasoc_2021_4432,HOF
hi_hasoc_2021_4436,NOT
hi_hasoc_2021_4437,HOF
hi_hasoc_2021_4439,NOT
hi_hasoc_2021_4443,HOF
hi_hasoc_2021_4456,NOT
hi_hasoc_2021_4464,HOF
hi_hasoc_2021_4467,NOT
hi_hasoc_2021_4469,NOT
hi_hasoc_2021_4480,NOT
hi_hasoc_2021_4485,HOF
hi_hasoc_2021_4487,HOF
hi_hasoc_2021_4493,NOT
hi_hasoc_2021_4498,NOT
hi_hasoc_2021_4503,HOF
hi_hasoc_2021_4507,HOF
hi_hasoc_2021_4509,NOT
hi_hasoc_2021_4513,HOF
hi_hasoc_2021_4517,HOF
hi_hasoc_2021_4522,HOF
hi_hasoc_2021_4525,HOF
hi_hasoc_2021_4531,HOF
hi_hasoc_2021_4535,HOF
hi_hasoc_2021_4536,NOT
hi_hasoc_2021_4554,HOF
hi_hasoc_2021_4556,NOT
hi_hasoc_2021_4560,NOT
hi_hasoc_2021_4563,HOF
hi_hasoc_2021_4569,NOT
hi_hasoc_2021_4570,NOT
hi_hasoc_2021_4571,NOT
hi_hasoc_2021_4576,NOT
hi_hasoc_2021_4581,HOF
hi_hasoc_2021_4583,HOF
hi_hasoc_2021_4588,NOT
hi_hasoc_2021_4589,NOT
hi_hasoc_2021_4593,NOT
hi_hasoc_2021_4595,NOT
hi_hasoc_2021_4597,NOT
hi_hasoc_2021_4603,HOF
hi_hasoc_2021_4605,HOF
hi_hasoc_2021_4606,NOT
hi_hasoc_2021_4608,NOT
hi_hasoc_2021_4610,NOT
hi_hasoc_2021_4614,HOF
hi_hasoc_2021_4620,NOT
hi_hasoc_2021_4622,HOF
hi_hasoc_2021_4623,HOF
hi_hasoc_2021_4625,NOT
hi_hasoc_2021_4632,NOT
hi_hasoc_2021_4634,HOF
hi_hasoc_2021_4639,HOF
hi_hasoc_2021_4649,NOT
hi_hasoc_2021_4656,NOT
hi_hasoc_2021_4661,NOT
hi_hasoc_2021_4662,HOF
hi_hasoc_2021_4664,NOT
hi_hasoc_2021_4668,HOF
hi_hasoc_2021_4671,NOT
hi_hasoc_2021_4675,NOT
hi_hasoc_2021_4677,NOT
hi_hasoc_2021_4679,NOT
hi_hasoc_2021_4681,HOF
hi_hasoc_2021_4683,HOF
hi_hasoc_2021_4686,HOF
hi_hasoc_2021_4688,NOT
hi_hasoc_2021_4689,NOT
hi_hasoc_2021_4695,NOT
hi_hasoc_2021_4700,NOT
hi_hasoc_2021_4702,HOF
hi_hasoc_2021_4703,HOF
hi_hasoc_2021_4707,HOF
hi_hasoc_2021_4710,NOT
hi_hasoc_2021_4713,NOT
hi_hasoc_2021_4721,HOF
hi_hasoc_2021_4722,NOT
hi_hasoc_2021_4724,NOT
hi_hasoc_2021_4726,NOT
hi_hasoc_2021_4729,NOT
hi_hasoc_2021_4730,NOT
hi_hasoc_2021_4731,HOF
hi_hasoc_2021_4735,NOT
hi_hasoc_2021_4737,NOT
hi_hasoc_2021_4738,NOT
hi_hasoc_2021_4739,NOT
hi_hasoc_2021_4743,NOT
hi_hasoc_2021_4757,NOT
hi_hasoc_2021_4761,NOT
hi_hasoc_2021_4763,HOF
hi_hasoc_2021_4765,NOT
hi_hasoc_2021_4770,HOF
hi_hasoc_2021_4772,HOF
hi_hasoc_2021_4775,NOT
hi_hasoc_2021_4777,NOT
hi_hasoc_2021_4780,HOF
hi_hasoc_2021_4781,NOT
hi_hasoc_2021_4782,NOT
hi_hasoc_2021_4788,NOT
hi_hasoc_2021_4789,NOT
hi_hasoc_2021_4793,NOT
hi_hasoc_2021_4801,HOF
hi_hasoc_2021_4811,NOT
hi_hasoc_2021_4813,NOT
hi_hasoc_2021_4816,HOF
hi_hasoc_2021_4821,NOT
hi_hasoc_2021_4824,NOT
hi_hasoc_2021_4830,NOT
hi_hasoc_2021_4838,NOT
hi_hasoc_2021_4839,NOT
hi_hasoc_2021_4848,NOT
hi_hasoc_2021_4849,NOT
hi_hasoc_2021_4851,HOF
hi_hasoc_2021_4852,HOF
hi_hasoc_2021_4854,NOT
hi_hasoc_2021_4855,HOF
hi_hasoc_2021_4858,NOT
hi_hasoc_2021_4860,NOT
hi_hasoc_2021_4867,NOT
hi_hasoc_2021_4868,NOT
hi_hasoc_2021_4870,NOT
hi_hasoc_2021_4872,HOF
hi_hasoc_2021_4885,HOF
hi_hasoc_2021_4886,NOT
hi_hasoc_2021_4896,HOF
hi_hasoc_2021_4898,NOT
hi_hasoc_2021_4899,NOT
hi_hasoc_2021_4907,NOT
hi_hasoc_2021_4910,HOF
hi_hasoc_2021_4918,NOT
hi_hasoc_2021_4921,NOT
hi_hasoc_2021_4922,HOF
hi_hasoc_2021_4923,NOT
hi_hasoc_2021_4930,HOF
hi_hasoc_2021_4933,NOT
hi_hasoc_2021_4935,NOT
hi_hasoc_2021_4942,NOT
hi_hasoc_2021_4947,NOT
hi_hasoc_2021_4950,HOF
hi_hasoc_2021_4952,NOT
hi_hasoc_2021_4953,NOT
hi_hasoc_2021_4960,HOF
hi_hasoc_2021_4967,NOT
hi_hasoc_2021_4968,NOT
hi_hasoc_2021_4970,NOT
hi_hasoc_2021_4975,HOF
hi_hasoc_2021_4987,NOT
hi_hasoc_2021_4989,NOT
hi_hasoc_2021_4990,NOT
hi_hasoc_2021_4994,NOT
hi_hasoc_2021_4997,NOT
hi_hasoc_2021_5000,NOT
hi_hasoc_2021_5006,NOT
hi_hasoc_2021_5016,NOT
hi_hasoc_2021_5020,NOT
hi_hasoc_2021_5024,NOT
hi_hasoc_2021_5027,NOT
hi_hasoc_2021_5028,HOF
hi_hasoc_2021_5038,NOT
hi_hasoc_2021_5041,NOT
hi_hasoc_2021_5042,HOF
hi_hasoc_2021_5047,NOT
hi_hasoc_2021_5049,NOT
hi_hasoc_2021_5059,NOT
hi_hasoc_2021_5060,HOF
hi_hasoc_2021_5064,NOT
hi_hasoc_2021_5066,NOT
hi_hasoc_2021_5067,NOT
hi_hasoc_2021_5068,HOF
hi_hasoc_2021_5069,HOF
hi_hasoc_2021_5073,NOT
hi_hasoc_2021_5077,NOT
hi_hasoc_2021_5078,NOT
hi_hasoc_2021_5084,NOT
hi_hasoc_2021_5095,HOF
hi_hasoc_2021_5098,NOT
hi_hasoc_2021_5099,NOT
hi_hasoc_2021_5105,HOF
hi_hasoc_2021_5108,NOT
hi_hasoc_2021_5112,NOT
hi_hasoc_2021_5114,HOF
hi_hasoc_2021_5115,NOT
hi_hasoc_2021_5119,NOT
hi_hasoc_2021_5124,NOT
hi_hasoc_2021_5127,NOT
hi_hasoc_2021_5132,NOT
hi_hasoc_2021_5137,NOT
hi_hasoc_2021_5146,NOT
hi_hasoc_2021_5151,NOT
hi_hasoc_2021_5153,NOT
hi_hasoc_2021_5163,NOT
hi_hasoc_2021_5166,NOT
hi_hasoc_2021_5170,NOT
hi_hasoc_2021_5172,NOT
hi_hasoc_2021_5181,NOT
hi_hasoc_2021_5184,HOF
hi_hasoc_2021_5186,HOF
hi_hasoc_2021_5187,NOT
hi_hasoc_2021_5188,HOF
hi_hasoc_2021_5190,HOF
hi_hasoc_2021_5195,NOT
hi_hasoc_2021_5202,HOF
hi_hasoc_2021_5203,HOF
hi_hasoc_2021_5204,NOT
hi_hasoc_2021_5208,NOT
hi_hasoc_2021_5211,HOF
hi_hasoc_2021_5213,HOF
hi_hasoc_2021_5214,HOF
hi_hasoc_2021_5219,HOF
hi_hasoc_2021_5225,HOF
hi_hasoc_2021_5227,HOF
hi_hasoc_2021_5229,HOF
hi_hasoc_2021_5231,NOT
hi_hasoc_2021_5232,HOF
hi_hasoc_2021_5233,HOF
hi_hasoc_2021_5237,HOF
hi_hasoc_2021_5243,HOF
hi_hasoc_2021_5244,NOT
hi_hasoc_2021_5245,HOF
hi_hasoc_2021_5246,NOT
hi_hasoc_2021_5247,NOT
hi_hasoc_2021_5248,NOT
hi_hasoc_2021_5254,NOT
hi_hasoc_2021_5256,NOT
hi_hasoc_2021_5259,NOT
hi_hasoc_2021_5262,NOT
hi_hasoc_2021_5263,HOF
hi_hasoc_2021_5268,HOF
hi_hasoc_2021_5270,NOT
hi_hasoc_2021_5271,NOT
hi_hasoc_2021_5276,NOT
hi_hasoc_2021_5278,NOT
hi_hasoc_2021_5279,HOF
hi_hasoc_2021_5284,NOT
hi_hasoc_2021_5286,NOT
hi_hasoc_2021_5287,NOT
hi_hasoc_2021_5288,HOF
hi_hasoc_2021_5291,NOT
hi_hasoc_2021_5294,NOT
hi_hasoc_2021_5298,HOF
hi_hasoc_2021_5300,NOT
hi_hasoc_2021_5313,NOT
hi_hasoc_2021_5315,HOF
hi_hasoc_2021_5316,NOT
hi_hasoc_2021_5323,NOT
hi_hasoc_2021_5329,NOT
hi_hasoc_2021_5337,NOT
hi_hasoc_2021_5340,NOT
hi_hasoc_2021_5356,HOF
hi_hasoc_2021_5362,NOT
hi_hasoc_2021_5369,HOF
hi_hasoc_2021_5376,NOT
hi_hasoc_2021_5377,NOT
hi_hasoc_2021_5381,NOT
hi_hasoc_2021_5382,HOF
hi_hasoc_2021_5391,HOF
hi_hasoc_2021_5400,HOF
hi_hasoc_2021_5401,HOF
hi_hasoc_2021_5402,HOF
hi_hasoc_2021_5405,NOT
hi_hasoc_2021_5412,NOT
hi_hasoc_2021_5428,HOF
hi_hasoc_2021_5438,NOT
hi_hasoc_2021_5444,HOF
hi_hasoc_2021_5446,HOF
hi_hasoc_2021_5447,HOF
hi_hasoc_2021_5448,NOT
hi_hasoc_2021_5449,NOT
hi_hasoc_2021_5456,HOF
hi_hasoc_2021_5462,HOF
hi_hasoc_2021_5464,HOF
hi_hasoc_2021_5465,NOT
hi_hasoc_2021_5471,NOT
hi_hasoc_2021_5472,NOT
hi_hasoc_2021_5486,NOT
hi_hasoc_2021_5491,HOF
hi_hasoc_2021_5493,NOT
hi_hasoc_2021_5494,NOT
hi_hasoc_2021_5499,NOT
hi_hasoc_2021_5504,NOT
hi_hasoc_2021_5507,HOF
hi_hasoc_2021_5513,HOF
hi_hasoc_2021_5515,NOT
hi_hasoc_2021_5519,NOT
hi_hasoc_2021_5520,NOT
hi_hasoc_2021_5521,NOT
hi_hasoc_2021_5524,NOT
hi_hasoc_2021_5530,NOT
hi_hasoc_2021_5534,NOT
hi_hasoc_2021_5537,NOT
hi_hasoc_2021_5539,HOF
hi_hasoc_2021_5540,NOT
hi_hasoc_2021_5543,NOT
hi_hasoc_2021_5560,HOF
hi_hasoc_2021_5566,HOF
hi_hasoc_2021_5570,HOF
hi_hasoc_2021_5571,NOT
hi_hasoc_2021_5572,HOF
hi_hasoc_2021_5573,NOT
hi_hasoc_2021_5576,NOT
hi_hasoc_2021_5577,HOF
hi_hasoc_2021_5585,NOT
hi_hasoc_2021_5586,HOF
hi_hasoc_2021_5590,NOT
hi_hasoc_2021_5592,HOF
hi_hasoc_2021_5600,HOF
hi_hasoc_2021_5602,NOT
hi_hasoc_2021_5614,HOF
hi_hasoc_2021_5633,HOF
hi_hasoc_2021_5642,NOT
hi_hasoc_2021_5644,HOF
hi_hasoc_2021_5646,HOF
hi_hasoc_2021_5647,NOT
hi_hasoc_2021_5659,NOT
hi_hasoc_2021_5660,NOT
hi_hasoc_2021_5663,NOT
hi_hasoc_2021_5664,NOT
hi_hasoc_2021_5666,NOT
hi_hasoc_2021_5671,HOF
hi_hasoc_2021_5681,HOF
hi_hasoc_2021_5683,NOT
hi_hasoc_2021_5685,NOT
hi_hasoc_2021_5687,NOT
hi_hasoc_2021_5689,NOT
hi_hasoc_2021_5697,NOT
hi_hasoc_2021_5700,NOT
hi_hasoc_2021_5703,NOT
hi_hasoc_2021_5707,NOT
hi_hasoc_2021_5708,NOT
hi_hasoc_2021_5713,HOF
hi_hasoc_2021_5721,NOT
hi_hasoc_2021_5728,NOT
hi_hasoc_2021_5729,NOT
hi_hasoc_2021_5733,HOF
hi_hasoc_2021_5734,HOF
hi_hasoc_2021_5740,NOT
hi_hasoc_2021_5742,NOT
hi_hasoc_2021_5743,HOF
hi_hasoc_2021_5751,HOF
hi_hasoc_2021_5753,NOT
hi_hasoc_2021_5755,NOT
hi_hasoc_2021_5760,NOT
hi_hasoc_2021_5762,NOT
hi_hasoc_2021_5768,HOF
hi_hasoc_2021_5771,NOT
hi_hasoc_2021_5777,NOT
hi_hasoc_2021_5783,NOT
hi_hasoc_2021_5784,NOT
hi_hasoc_2021_5787,NOT
hi_hasoc_2021_5788,HOF
hi_hasoc_2021_5801,NOT
hi_hasoc_2021_5810,NOT
hi_hasoc_2021_5811,NOT
hi_hasoc_2021_5814,HOF
hi_hasoc_2021_5816,NOT
hi_hasoc_2021_5824,HOF
hi_hasoc_2021_5831,NOT
hi_hasoc_2021_5840,NOT
hi_hasoc_2021_5841,HOF
hi_hasoc_2021_5843,HOF
hi_hasoc_2021_5845,NOT
hi_hasoc_2021_5849,HOF
hi_hasoc_2021_5855,HOF
hi_hasoc_2021_5856,NOT
hi_hasoc_2021_5860,NOT
hi_hasoc_2021_5861,NOT
hi_hasoc_2021_5862,NOT
hi_hasoc_2021_5865,NOT
hi_hasoc_2021_5870,NOT
hi_hasoc_2021_5872,HOF
hi_hasoc_2021_5873,NOT
hi_hasoc_2021_5876,NOT
hi_hasoc_2021_5878,NOT
hi_hasoc_2021_5887,NOT
hi_hasoc_2021_5889,NOT
hi_hasoc_2021_5899,NOT
hi_hasoc_2021_5901,HOF
hi_hasoc_2021_5904,HOF
hi_hasoc_2021_5906,NOT
hi_hasoc_2021_5907,HOF
hi_hasoc_2021_5908,NOT
hi_hasoc_2021_5909,HOF
hi_hasoc_2021_5921,NOT
hi_hasoc_2021_5922,NOT
hi_hasoc_2021_5925,HOF
hi_hasoc_2021_5928,NOT
hi_hasoc_2021_5930,NOT
hi_hasoc_2021_5931,HOF
hi_hasoc_2021_5935,HOF
hi_hasoc_2021_5938,NOT
hi_hasoc_2021_5941,HOF
hi_hasoc_2021_5943,NOT
hi_hasoc_2021_5945,NOT
hi_hasoc_2021_5947,NOT
hi_hasoc_2021_5953,NOT
hi_hasoc_2021_5956,NOT
hi_hasoc_2021_5958,HOF
hi_hasoc_2021_5960,HOF
hi_hasoc_2021_5962,HOF
hi_hasoc_2021_5964,NOT
hi_hasoc_2021_5966,NOT
hi_hasoc_2021_5971,HOF
hi_hasoc_2021_5975,HOF
hi_hasoc_2021_5977,NOT
hi_hasoc_2021_5978,HOF
hi_hasoc_2021_5979,NOT
hi_hasoc_2021_5980,NOT
hi_hasoc_2021_5996,NOT
hi_hasoc_2021_5998,NOT
hi_hasoc_2021_6000,NOT
hi_hasoc_2021_6014,NOT
hi_hasoc_2021_6015,HOF
hi_hasoc_2021_6016,HOF
hi_hasoc_2021_6021,NOT
hi_hasoc_2021_6022,NOT
hi_hasoc_2021_6027,NOT
hi_hasoc_2021_6029,HOF
hi_hasoc_2021_6035,NOT
hi_hasoc_2021_6039,NOT
hi_hasoc_2021_6040,NOT
hi_hasoc_2021_6047,NOT
hi_hasoc_2021_6054,NOT
hi_hasoc_2021_6055,NOT
hi_hasoc_2021_6059,NOT
hi_hasoc_2021_6066,NOT
hi_hasoc_2021_6067,NOT
hi_hasoc_2021_6070,NOT
hi_hasoc_2021_6075,NOT
hi_hasoc_2021_6083,NOT
hi_hasoc_2021_6086,NOT
hi_hasoc_2021_6089,NOT
hi_hasoc_2021_6096,NOT
hi_hasoc_2021_6101,NOT
hi_hasoc_2021_6102,NOT
hi_hasoc_2021_6105,NOT
hi_hasoc_2021_6116,HOF
hi_hasoc_2021_6117,NOT
hi_hasoc_2021_6123,HOF
hi_hasoc_2021_6124,NOT
hi_hasoc_2021_6126,NOT